[
    {
        "id": "FC991AC2-CD4F-4A8B-96E3-89363CE55CF2",
        "title": "Joker",
        "posterFileName": "udDclJoHjfjb8Ekgsd4FDteOkCU.jpg",
        "overview": "During the 1980s, a failed stand-up comedian is driven insane and turns to a life of crime and chaos in Gotham City while becoming an infamous psychopathic crime figure.",
        "genres": "Crime, Drama, Thriller",
        "releaseDate": "2019-10-04",
        "runtime": 122,
        "director": "Todd Phillips",
        "actors": "Joaquin Phoenix, Robert De Niro, Zazie Beetz, Frances Conroy",
        "mpaaRating": "R",
        "imdbRating": "9.1",
        "youTubeTrailerId": "xRjvmVaFHkk",
        "tmdbID": 475557
    },
    {
        "id": "AF30216B-97D5-42FF-B2DA-73AE7662EB1E",
        "title": "Alita: Battle Angel",
        "posterFileName": "xRWht48C2V8XNfzvPehyClOvDni.jpg",
        "overview": "When Alita awakens with no memory of who she is in a future world she does not recognize, she is taken in by Ido, a compassionate doctor who realizes that somewhere in this abandoned cyborg shell is the heart and soul of a young woman with an extraordinary past.",
        "genres": "Action, Adventure, Sci-Fi, Thriller",
        "releaseDate": "2019-02-14",
        "runtime": 122,
        "director": "Robert Rodriguez",
        "actors": "Rosa Salazar, Christoph Waltz, Jennifer Connelly, Mahershala Ali",
        "mpaaRating": "PG-13",
        "imdbRating": "7.4",
        "youTubeTrailerId": "cislZ9S0ocA",
        "tmdbID": 399579
    },
    {
        "id": "5A4E4743-203E-40CD-BA5F-2588CB42F6A5",
        "title": "The Lion King",
        "posterFileName": "2bXbqYdUdNVa8VIWXVfclP2ICtT.jpg",
        "overview": "Simba idolises his father, King Mufasa, and takes to heart his own royal destiny. But not everyone in the kingdom celebrates the new cub's arrival. Scar, Mufasa's brother—and former heir to the throne—has plans of his own. The battle for Pride Rock is ravaged with betrayal, tragedy and drama, ultimately resulting in Simba's exile. With help from a curious pair of newfound friends, Simba will have to figure out how to grow up and take back what is rightfully his.",
        "genres": "Animation, Adventure, Drama",
        "releaseDate": "2019-07-19",
        "runtime": 118,
        "director": "Jon Favreau",
        "actors": "Chiwetel Ejiofor, John Oliver, James Earl Jones, John Kani",
        "mpaaRating": "PG",
        "imdbRating": "7.1",
        "youTubeTrailerId": "7TavVZMewpY",
        "tmdbID": 420818
    },
    {
        "id": "8BD4645B-95F5-499C-8CF1-1FF314F3E77B",
        "title": "Avengers: Endgame",
        "posterFileName": "or06FN3Dka5tukK1e9sl16pB3iy.jpg",
        "overview": "After the devastating events of Avengers: Infinity War, the universe is in ruins due to the efforts of the Mad Titan, Thanos. With the help of remaining allies, the Avengers must assemble once more in order to undo Thanos' actions and restore order to the universe once and for all, no matter what consequences may be in store.",
        "genres": "Action, Adventure, Sci-Fi",
        "releaseDate": "2019-04-26",
        "runtime": 181,
        "director": "Anthony Russo, Joe Russo",
        "actors": "Robert Downey Jr., Chris Evans, Mark Ruffalo, Chris Hemsworth",
        "mpaaRating": "PG-13",
        "imdbRating": "8.6",
        "youTubeTrailerId": "TcMBFSGVi1c",
        "tmdbID": 299534
    },
    {
        "id": "C61EEB9D-CA28-4B5B-9E9C-B16387A5A7EE",
        "title": "Long Shot",
        "posterFileName": "m2ttWZ8rMRwIMT7zA48Jo6mTkDS.jpg",
        "overview": "Fred Flarsky is a gifted and free-spirited journalist who has a knack for getting into trouble. Charlotte Field is one of the most influential women in the world -- a smart, sophisticated and accomplished politician. When Fred unexpectedly runs into Charlotte, he soon realizes that she was his former baby sitter and childhood crush. When Charlotte decides to make a run for the presidency, she impulsively hires Fred as her speechwriter -- much to the dismay of her trusted advisers.",
        "genres": "Comedy, Romance",
        "releaseDate": "2019-05-03",
        "runtime": 125,
        "director": "Jonathan Levine",
        "actors": "Charlize Theron, Seth Rogen, June Diane Raphael, O'Shea Jackson Jr.",
        "mpaaRating": "R",
        "imdbRating": "7.0",
        "youTubeTrailerId": "ZKsc2I4Tgsk",
        "tmdbID": 459992
    },
    {
        "id": "5108452F-80AE-43A1-B0BF-45C4B64F542C",
        "title": "Gemini Man",
        "posterFileName": "uTALxjQU8e1lhmNjP9nnJ3t2pRU.jpg",
        "overview": "Henry Brogen, an aging assassin tries to get out of the business but finds himself in the ultimate battle: fighting his own clone who is 25 years younger than him and at the peak of his abilities.",
        "genres": "Action, Drama, Sci-Fi",
        "releaseDate": "2019-10-11",
        "runtime": 117,
        "director": "Ang Lee",
        "actors": "Will Smith, Mary Elizabeth Winstead, Clive Owen, Benedict Wong",
        "mpaaRating": "PG-13",
        "imdbRating": "4.9",
        "youTubeTrailerId": "AbyJignbSj0",
        "tmdbID": 453405
    },
    {
        "id": "58FA22D3-6CAF-4CE4-B1C7-2A093FB1A5EC",
        "title": "Mission: Impossible - Fallout",
        "posterFileName": "AkJQpZp9WoNdj7pLYSj1L0RcMMN.jpg",
        "overview": "When an IMF mission ends badly, the world is faced with dire consequences. As Ethan Hunt takes it upon himself to fulfill his original briefing, the CIA begin to question his loyalty and his motives. The IMF team find themselves in a race against time, hunted by assassins while trying to prevent a global catastrophe.",
        "genres": "Action, Adventure, Thriller",
        "releaseDate": "2018-07-27",
        "runtime": 148,
        "director": "Christopher McQuarrie",
        "actors": "Tom Cruise, Henry Cavill, Ving Rhames, Simon Pegg",
        "mpaaRating": "PG-13",
        "imdbRating": "7.8",
        "youTubeTrailerId": "wb49-oV0F78",
        "tmdbID": 353081
    },
    {
        "id": "1A43C13F-827B-460F-BCC6-4BB676EA36EF",
        "title": "Skyfall",
        "posterFileName": "2pwwawlnti0BoluxFiksnVg5TZ7.jpg",
        "overview": "When Bond's latest assignment goes gravely wrong and agents around the world are exposed, MI6 is attacked forcing M to relocate the agency. These events cause her authority and position to be challenged by Gareth Mallory, the new Chairman of the Intelligence and Security Committee. With MI6 now compromised from both inside and out, M is left with one ally she can trust: Bond. 007 takes to the shadows - aided only by field agent, Eve - following a trail to the mysterious Silva, whose lethal and hidden motives have yet to reveal themselves.",
        "genres": "Mystery & Suspense, Action & Adventure",
        "releaseDate": "2012-11-09",
        "runtime": 143,
        "director": "Sam Mendes",
        "actors": "Daniel Craig, Judi Dench, Javier Bardem, Ralph Fiennes",
        "mpaaRating": "PG-13",
        "imdbRating": "7.7",
        "youTubeTrailerId": "6kw1UVovByw",
        "tmdbID": 37724
    },
    {
        "id": "B9EE7B09-D163-43C9-8F68-FFB16F5714B2",
        "title": "Jurassic World: Fallen Kingdom",
        "posterFileName": "c9XxwwhPHdaImA2f1WEfEsbhaFB.jpg",
        "overview": "Three years after the demise of Jurassic World, a volcanic eruption threatens the remaining dinosaurs on the isla Nublar, so Claire Dearing, the former park manager, recruits Owen Grady to help prevent the extinction of the dinosaurs once again.",
        "genres": "Action, Adventure, Sci-Fi",
        "releaseDate": "2018-06-22",
        "runtime": 129,
        "director": "J. A. Bayona",
        "actors": "Chris Pratt, Bryce Dallas Howard, Rafe Spall, Justice Smith",
        "mpaaRating": "PG-13",
        "imdbRating": "6.2",
        "youTubeTrailerId": "vn9mMeWcgoM",
        "tmdbID": 351286
    },
    {
        "id": "185C2EF8-2578-451C-A194-CEEB111770F8",
        "title": "Solo: A Star Wars Story",
        "posterFileName": "3IGbjc5ZC5yxim5W0sFING2kdcz.jpg",
        "overview": "Through a series of daring escapades deep within a dark and dangerous criminal underworld, Han Solo meets his mighty future copilot Chewbacca and encounters the notorious gambler Lando Calrissian.",
        "genres": "Action, Adventure, Fantasy",
        "releaseDate": "2018-05-10",
        "runtime": 135,
        "director": "Ron Howard",
        "actors": "Alden Ehrenreich, Joonas Suotamo, Woody Harrelson, Emilia Clarke",
        "mpaaRating": "PG-13",
        "imdbRating": "6.9",
        "youTubeTrailerId": "dNW0B0HsvVs",
        "tmdbID": 348350
    },
    {
        "id": "C7618325-873D-461A-ABB0-05C92398B26A",
        "title": "Avengers: Infinity War",
        "posterFileName": "7WsyChQLEftFiDOVTGkv3hFpyyt.jpg",
        "overview": "As the Avengers and their allies have continued to protect the world from threats too large for any one hero to handle, a new danger has emerged from the cosmic shadows: Thanos. A despot of intergalactic infamy, his goal is to collect all six Infinity Stones, artifacts of unimaginable power, and use them to inflict his twisted will on all of reality. Everything the Avengers have fought for has led up to this moment - the fate of Earth and existence itself has never been more uncertain.",
        "genres": "Action, Adventure, Fantasy",
        "releaseDate": "2018-04-27",
        "runtime": 149,
        "director": "Anthony Russo, Joe Russo",
        "actors": "Robert Downey Jr., Chris Hemsworth, Mark Ruffalo, Chris Evans",
        "mpaaRating": "PG-13",
        "imdbRating": "8.5",
        "youTubeTrailerId": "6ZfuNTqbHE8",
        "tmdbID": 299536
    },
    {
        "id": "0494CBBD-985F-4E6B-962A-AC2A70437118",
        "title": "Incredibles 2",
        "posterFileName": "9lFKBtaVIhP7E2Pk0IY1CwTKTMZ.jpg",
        "overview": "Elastigirl springs into action to save the day, while Mr. Incredible faces his greatest challenge yet – taking care of the problems of his three children.",
        "genres": "Animation, Action, Adventure",
        "releaseDate": "2018-06-15",
        "runtime": 118,
        "director": "Brad Bird",
        "actors": "Craig T. Nelson, Holly Hunter, Sarah Vowell, Huck Milner",
        "mpaaRating": "PG",
        "imdbRating": "7.7",
        "youTubeTrailerId": "ZJDMWVZta3M",
        "tmdbID": 260513
    },
    {
        "id": "F99E6B1D-2BB2-4E88-A550-CA348D0DA35F",
        "title": "Black Panther",
        "posterFileName": "uxzzxijgPIY7slzFvMotPv8wjKA.jpg",
        "overview": "King T'Challa returns home from America to the reclusive, technologically advanced African nation of Wakanda to serve as his country's new leader. However, T'Challa soon finds that he is challenged for the throne by factions within his own country as well as without. Using powers reserved to Wakandan kings, T'Challa assumes the Black Panther mantel to join with girlfriend Nakia, the queen-mother, his princess-kid sister, members of the Dora Milaje (the Wakandan 'special forces') and an American secret agent, to prevent Wakanda from being dragged into a world war.",
        "genres": "Action, Adventure, Sci-Fi",
        "releaseDate": "2018-02-16",
        "runtime": 134,
        "director": "Ryan Coogler",
        "actors": "Chadwick Boseman, Michael B. Jordan, Lupita Nyong'o, Danai Gurira",
        "mpaaRating": "PG-13",
        "imdbRating": "7.3",
        "youTubeTrailerId": "xjDjIWPwcPU",
        "tmdbID": 284054
    },
    {
        "id": "F6D20A9C-B024-49AE-AB97-D3C656F0D222",
        "title": "A Star Is Born",
        "posterFileName": "wrFpXMNBRj2PBiN4Z5kix51XaIZ.jpg",
        "overview": "Seasoned musician Jackson Maine discovers — and falls in love with — struggling artist Ally. She has just about given up on her dream to make it big as a singer — until Jack coaxes her into the spotlight. But even as Ally's career takes off, the personal side of their relationship is breaking down, as Jack fights an ongoing battle with his own internal demons.",
        "genres": "Drama, Music, Romance",
        "releaseDate": "2018-10-05",
        "runtime": 135,
        "director": "Bradley Cooper",
        "actors": "Lady Gaga, Bradley Cooper, Sam Elliott, Andrew Dice Clay",
        "mpaaRating": "R",
        "imdbRating": "7.7",
        "youTubeTrailerId": "nSbzyEJ8X9E",
        "tmdbID": 332562
    },
    {
        "id": "EBB56CBC-35B3-4D21-8006-DEC092C3EED2",
        "title": "Bohemian Rhapsody",
        "posterFileName": "lHu1wtNaczFPGFDTrjCSzeLPTKN.jpg",
        "overview": "Singer Freddie Mercury, guitarist Brian May, drummer Roger Taylor and bass guitarist John Deacon take the music world by storm when they form the rock 'n' roll band Queen in 1970. Hit songs become instant classics. When Mercury's increasingly wild lifestyle starts to spiral out of control, Queen soon faces its greatest challenge yet – finding a way to keep the band together amid the success and excess.",
        "genres": "Biography, Drama, Music",
        "releaseDate": "2018-11-02",
        "runtime": 135,
        "director": "Bryan Singer",
        "actors": "Rami Malek, Lucy Boynton, Gwilym Lee, Ben Hardy",
        "mpaaRating": "PG-13",
        "imdbRating": "8.0",
        "youTubeTrailerId": "6S9c5nnDd_s",
        "tmdbID": 424694
    },
    {
        "id": "5F879B6E-C077-4837-B52C-43A5523934BC",
        "title": "Ant-Man and the Wasp",
        "posterFileName": "eivQmS3wqzqnQWILHLc4FsEfcXP.jpg",
        "overview": "Just when his time under house arrest is about to end, Scott Lang once again puts his freedom at risk to help Hope van Dyne and Dr. Hank Pym dive into the quantum realm and try to accomplish, against time and any chance of success, a very dangerous rescue mission.",
        "genres": "Action, Adventure, Comedy",
        "releaseDate": "2018-07-06",
        "runtime": 119,
        "director": "Peyton Reed",
        "actors": "Paul Rudd, Evangeline Lilly, Michael Peña, Walton Goggins",
        "mpaaRating": "PG-13",
        "imdbRating": "7.1",
        "youTubeTrailerId": "8_rTIAOohas",
        "tmdbID": 363088
    },
    {
        "id": "DC250E9F-91E4-4E2B-89E8-1DDC9E27DAE4",
        "title": "Aquaman",
        "posterFileName": "5Kg76ldv7VxeX9YlcQXiowHgdX6.jpg",
        "overview": "Once home to the most advanced civilization on Earth, Atlantis is now an underwater kingdom ruled by the power-hungry King Orm. With a vast army at his disposal, Orm plans to conquer the remaining oceanic people and then the surface world. Standing in his way is Arthur Curry, Orm's half-human, half-Atlantean brother and true heir to the throne.",
        "genres": "Action, Adventure, Fantasy",
        "releaseDate": "2018-12-21",
        "runtime": 144,
        "director": "James Wan",
        "actors": "Jason Momoa, Amber Heard, Willem Dafoe, Patrick Wilson",
        "mpaaRating": "PG-13",
        "imdbRating": "7.0",
        "youTubeTrailerId": "WDkg3h8PCVU",
        "tmdbID": 297802
    },
    {
        "id": "A7169220-8ED3-4432-9708-895E00363A43",
        "title": "Venom",
        "posterFileName": "2uNW4WbgBXL25BAbXGLnLqX71Sw.jpg",
        "overview": "Investigative journalist Eddie Brock attempts a comeback following a scandal, but accidentally becomes the host of Venom, a violent, super powerful alien symbiote. Soon, he must rely on his newfound powers to protect the world from a shadowy organization looking for a symbiote of their own.",
        "genres": "Action, Sci-Fi, Thriller",
        "releaseDate": "2018-10-05",
        "runtime": 112,
        "director": "Ruben Fleischer",
        "actors": "Tom Hardy, Michelle Williams, Riz Ahmed, Scott Haze",
        "mpaaRating": "PG-13",
        "imdbRating": "6.7",
        "youTubeTrailerId": "dzxFdtWmjto",
        "tmdbID": 335983
    },
    {
        "id": "4B347C0E-DD1F-47AD-94E2-83726C72E4C2",
        "title": "Crazy Rich Asians",
        "posterFileName": "1XxL4LJ5WHdrcYcihEZUCgNCpAW.jpg",
        "overview": "An American-born Chinese economics professor accompanies her boyfriend to Singapore for his best friend's wedding, only to get thrust into the lives of Asia's rich and famous.",
        "genres": "Comedy, Drama, Romance",
        "releaseDate": "2018-08-15",
        "runtime": 121,
        "director": "Jon M. Chu",
        "actors": "Constance Wu, Henry Golding, Michelle Yeoh, Gemma Chan",
        "mpaaRating": "PG-13",
        "imdbRating": "6.9",
        "youTubeTrailerId": "ZQ-YX-5bAs0",
        "tmdbID": 455207
    },
    {
        "id": "BC803D8A-1141-4C60-AADF-E461B288EFBB",
        "title": "Fantastic Beasts: The Crimes of Grindelwald",
        "posterFileName": "fMMrl8fD9gRCFJvsx0SuFwkEOop.jpg",
        "overview": "Gellert Grindelwald has escaped imprisonment and has begun gathering followers to his cause—elevating wizards above all non-magical beings. The only one capable of putting a stop to him is the wizard he once called his closest friend, Albus Dumbledore. However, Dumbledore will need to seek help from the wizard who had thwarted Grindelwald once before, his former student Newt Scamander, who agrees to help, unaware of the dangers that lie ahead. Lines are drawn as love and loyalty are tested, even among the truest friends and family, in an increasingly divided wizarding world.",
        "genres": "Adventure, Family, Fantasy",
        "releaseDate": "2018-11-16",
        "runtime": 134,
        "director": "David Yates",
        "actors": "Johnny Depp, Kevin Guthrie, Carmen Ejogo, Wolf Roth",
        "mpaaRating": "PG-13",
        "imdbRating": "6.6",
        "youTubeTrailerId": "5sEaYB4rLFQ",
        "tmdbID": 338952
    }
]
